{
    "lAreola": 0.0,
    "rAreola": 0.0,
    "lBreast": 0.0,
    "rBreast": 0.0,
    "lNipple": 0.0,
    "rNipple": 0.0,
    "hip(drv)": 0.0,
    "hip": 0.0,
    "pelvis(drv)": 0.0,
    "abdomenLower(drv)": -1.5099581673894136e-07,
    "pelvis": 0.0,
    "lThighBend(drv)": -0.2217109203338623,
    "rThighBend(drv)": 0.2217109501361847,
    "lThighBend": -0.2217109203338623,
    "lThighTwist(drv)": -0.22171087563037872,
    "lThighTwist": -0.22171087563037872,
    "lShin(drv)": -0.3043363392353058,
    "lShin": -0.3043363392353058,
    "lFoot(drv)": -1.372524380683899,
    "lFoot": -1.372524380683899,
    "lMetatarsals": -1.2528313398361206,
    "lToe(drv)": -1.9550732374191284,
    "lToe": -1.9550732374191284,
    "lSmallToe4(drv)": -0.918225884437561,
    "lSmallToe3(drv)": -1.1500630378723145,
    "lSmallToe2(drv)": -1.192041277885437,
    "lSmallToe1(drv)": -1.4938393831253052,
    "lBigToe(drv)": -1.7418711185455322,
    "lSmallToe4": -0.918225884437561,
    "lSmallToe4_2(drv)": -0.9182257652282715,
    "lSmallToe4_2": -0.9182257652282715,
    "lSmallToe3": -1.1500630378723145,
    "lSmallToe3_2(drv)": -1.1500624418258667,
    "lSmallToe3_2": -1.1500624418258667,
    "lSmallToe2": -1.192041277885437,
    "lSmallToe2_2(drv)": -1.1920413970947266,
    "lSmallToe2_2": -1.1920413970947266,
    "lSmallToe1": -1.4938393831253052,
    "lSmallToe1_2(drv)": -1.493844747543335,
    "lSmallToe1_2": -1.493844747543335,
    "lBigToe": -1.7418711185455322,
    "lBigToe_2(drv)": -1.741870403289795,
    "lBigToe_2": -1.741870403289795,
    "rThighBend": 0.2217109501361847,
    "rThighTwist(drv)": 0.2217109501361847,
    "rThighTwist": 0.2217109501361847,
    "rShin(drv)": 0.3043362498283386,
    "rShin": 0.3043362498283386,
    "rFoot(drv)": 1.3725260496139526,
    "rFoot": 1.3725260496139526,
    "rMetatarsals": 1.2528306245803833,
    "rToe(drv)": 1.955073595046997,
    "rToe": 1.955073595046997,
    "rSmallToe4(drv)": 0.9182267785072327,
    "rSmallToe3(drv)": 1.150063395500183,
    "rSmallToe2(drv)": 1.1920397281646729,
    "rSmallToe1(drv)": 1.4938405752182007,
    "rBigToe(drv)": 1.7418705224990845,
    "rSmallToe4": 0.9182267785072327,
    "rSmallToe4_2(drv)": 0.9182258248329163,
    "rSmallToe4_2": 0.9182258248329163,
    "rSmallToe3": 1.150063395500183,
    "rSmallToe3_2(drv)": 1.1500624418258667,
    "rSmallToe3_2": 1.1500624418258667,
    "rSmallToe2": 1.1920397281646729,
    "rSmallToe2_2(drv)": 1.1920409202575684,
    "rSmallToe2_2": 1.1920409202575684,
    "rSmallToe1": 1.4938405752182007,
    "rSmallToe1_2(drv)": 1.4938466548919678,
    "rSmallToe1_2": 1.4938466548919678,
    "rBigToe": 1.7418705224990845,
    "rBigToe_2(drv)": 1.7418690919876099,
    "rBigToe_2": 1.7418690919876099,
    "abdomenLower": -1.5099581673894136e-07,
    "abdomenUpper(drv)": -6.357302595461078e-08,
    "abdomenUpper": -6.357302595461078e-08,
    "chestLower(drv)": -6.357302595461078e-08,
    "chestLower": -6.357302595461078e-08,
    "chestUpper(drv)": -6.357301174375607e-08,
    "lPectoral(drv)": 2.3545212745666504,
    "rPectoral(drv)": -2.3545212745666504,
    "chestUpper": -6.357301174375607e-08,
    "lCollar(drv)": -0.029648033902049065,
    "rCollar(drv)": 0.0296479519456625,
    "neckLower(drv)": -6.248694717214676e-08,
    "lCollar": -0.029648033902049065,
    "lShldrBend(drv)": 2.4405224323272705,
    "lShldrBend": 2.4405224323272705,
    "lShldrTwist(drv)": 2.4434103965759277,
    "lShldrTwist": 2.4434103965759277,
    "lForearmBend": 2.372649908065796,
    "lForearmTwist(drv)": 2.3706703186035156,
    "lForearmTwist": 2.3706703186035156,
    "lHand": 2.361798048019409,
    "lThumb1(drv)": -0.7026368975639343,
    "lCarpal1(drv)": -2.2511589527130127,
    "lCarpal2(drv)": -2.261197805404663,
    "lCarpal3(drv)": -2.2627322673797607,
    "lCarpal4": -2.2503175735473633,
    "lPinky1(drv)": -2.2463738918304443,
    "lPinky1": -2.2463738918304443,
    "lPinky2(drv)": -2.308759927749634,
    "lPinky2": -2.308759927749634,
    "lPinky3(drv)": -2.3368663787841797,
    "lPinky3": -2.3368663787841797,
    "lThumb1": -0.7026368975639343,
    "lThumb2(drv)": -0.7090088129043579,
    "lThumb2": -0.7090088129043579,
    "lThumb3(drv)": -0.9361176490783691,
    "lThumb3": -0.9361176490783691,
    "lCarpal1": -2.2511589527130127,
    "lIndex1(drv)": -2.1937789916992188,
    "lIndex1": -2.1937789916992188,
    "lIndex2(drv)": -2.2220652103424072,
    "lIndex2": -2.2220652103424072,
    "lIndex3(drv)": -2.2001118659973145,
    "lIndex3": -2.2001118659973145,
    "lCarpal2": -2.261197805404663,
    "lMid1(drv)": -2.2765350341796875,
    "lMid1": -2.2765350341796875,
    "lMid2(drv)": -2.1743297576904297,
    "lMid2": -2.1743297576904297,
    "lMid3(drv)": -2.299964189529419,
    "lMid3": -2.299964189529419,
    "lCarpal3": -2.2627322673797607,
    "lRing1(drv)": -2.2399110794067383,
    "lRing1": -2.2399110794067383,
    "lRing2(drv)": -2.2022247314453125,
    "lRing2": -2.2022247314453125,
    "lRing3(drv)": -2.25240159034729,
    "lRing3": -2.25240159034729,
    "rCollar": 0.0296479519456625,
    "rShldrBend(drv)": -2.4405224323272705,
    "rShldrBend": -2.4405224323272705,
    "rShldrTwist(drv)": -2.4434103965759277,
    "rShldrTwist": -2.4434103965759277,
    "rForearmBend": -2.372650146484375,
    "rForearmTwist(drv)": -2.370670795440674,
    "rForearmTwist": -2.370670795440674,
    "rHand": -2.361797571182251,
    "rThumb1(drv)": 0.7026378512382507,
    "rCarpal1(drv)": 2.2511582374572754,
    "rCarpal2(drv)": 2.261197328567505,
    "rCarpal3(drv)": 2.2627315521240234,
    "rCarpal4(drv)": 2.2503175735473633,
    "rThumb1": 0.7026378512382507,
    "rThumb2(drv)": 0.709009051322937,
    "rThumb2": 0.709009051322937,
    "rThumb3(drv)": 0.9361164569854736,
    "rThumb3": 0.9361164569854736,
    "rCarpal1": 2.2511582374572754,
    "rIndex1(drv)": 2.193779230117798,
    "rIndex1": 2.193779230117798,
    "rIndex2(drv)": 2.2220652103424072,
    "rIndex2": 2.2220652103424072,
    "rIndex3(drv)": 2.2001116275787354,
    "rIndex3": 2.2001116275787354,
    "rCarpal2": 2.261197328567505,
    "rMid1(drv)": 2.2765352725982666,
    "rMid1": 2.2765352725982666,
    "rMid2(drv)": 2.1743297576904297,
    "rMid2": 2.1743297576904297,
    "rMid3(drv)": 2.299964189529419,
    "rMid3": 2.299964189529419,
    "rCarpal3": 2.2627315521240234,
    "rRing1(drv)": 2.239910840988159,
    "rRing1": 2.239910840988159,
    "rRing2(drv)": 2.2022247314453125,
    "rRing2": 2.2022247314453125,
    "rRing3(drv)": 2.25240159034729,
    "rRing3": 2.25240159034729,
    "rCarpal4": 2.2503175735473633,
    "rPinky1(drv)": 2.2463736534118652,
    "rPinky1": 2.2463736534118652,
    "rPinky2(drv)": 2.308760166168213,
    "rPinky2": 2.308760166168213,
    "rPinky3(drv)": 2.3368663787841797,
    "rPinky3": 2.3368663787841797,
    "neckLower": -6.248694717214676e-08,
    "neckUpper(drv)": -6.248687611787318e-08,
    "neckUpper": -6.248687611787318e-08,
    "head(drv)": -6.056301060652913e-08,
    "head": -6.056301060652913e-08,
    "upperTeeth": -0.018527070060372353,
    "lowerJaw(drv)": 2.3393880610456108e-08,
    "upperFaceRig": -6.227293170013581e-08,
    "rBrowInner(drv)": -3.141592502593994,
    "rBrowMid(drv)": -3.141592502593994,
    "rBrowOuter(drv)": -3.141592502593994,
    "lBrowInner(drv)": -3.141592502593994,
    "lBrowMid(drv)": -3.141592502593994,
    "lBrowOuter(drv)": -3.141592502593994,
    "CenterBrow(drv)": -3.141592502593994,
    "MidNoseBridge(drv)": -3.141592502593994,
    "lEyelidInner(drv)": 1.358390875338955e-07,
    "lEyelidUpperInner(drv)": -0.20787236094474792,
    "lEyelidUpper(drv)": 2.3895790945971385e-06,
    "lEyelidUpperOuter(drv)": 0.22950418293476105,
    "lEyelidOuter(drv)": 2.3331276111093757e-07,
    "lEyelidLowerOuter(drv)": 2.868793487548828,
    "lEyelidLower(drv)": 3.1415910720825195,
    "lEyelidLowerInner(drv)": -2.8795459270477295,
    "rEyelidInner(drv)": -3.7247733786216486e-08,
    "rEyelidUpperInner(drv)": 0.20787598192691803,